0,1,2,3,4,5,6,7,8,9,10,11,12,13,14,15
0.566649555,-0.82378742,-0.000220334,0.954236316,-0.644929314,-0.091620681,-0.209215908,-0.234694604,0.862737678,-2.038493704,0.175479562,1.338432204,-0.637130571,-1.329309498,1.00660718,0.023965543
-0.147770681,1.048939613,-0.325645127,-0.127806355,-0.224791301,-0.019909454,-0.324102174,-0.165449286,0.989924,0.053084982,-0.914823312,0.266016136,0.098389531,0.576256875,-0.505701545,-0.027255168
0.053176791,-0.764399097,0.387105374,0.292926186,-0.103055389,-0.306549822,-0.107382907,-0.086477037,0.230720665,0.518090714,0.200034464,-0.271256334,0.271753893,-0.931261622,0.015983488,0.088000911
0.182515134,-0.138657422,0.363344256,0.346271401,-0.075817275,-0.025510376,0.017331401,-0.089171888,-0.606901959,-0.369914177,-0.183019785,0.57540386,-0.097967911,0.05004865,0.314578298,-0.008926024
0.161148438,0.158411391,0.496323412,-0.476504547,0.562040454,0.247405818,-0.245477286,0.314113087,1.022909008,1.12115909,-1.214458234,-0.468739808,0.356476086,-0.771002285,0.971319907,-0.00523686
0.244322112,0.331448771,0.520059616,-0.288906951,0.732110711,0.74933766,-0.693540383,0.984582787,0.534367607,0.922073842,-0.668256709,-1.701799749,1.042153602,-1.004016341,0.711791659,-0.099062825
-0.00794338,2.788816921,-0.465703537,-0.53840558,-0.268180711,0.537654344,-1.953632813,-0.673255507,1.528936327,0.635256519,-3.333688448,0.028823782,-0.118153968,0.213871827,0.601266531,-0.052540678
0.171924106,-0.079003197,0.69778307,0.562651542,-0.141903799,-0.026186394,0.578265614,-0.165865928,-1.297561164,-0.309405935,-0.667952868,-0.24803271,0.234560514,-1.070054443,0.643967288,-0.006720786
-0.700535964,-0.110083713,-0.473913127,0.298722261,-0.407999563,-0.653216672,0.479998566,0.223727235,0.910544062,0.081510139,-0.238244505,-0.077448886,-0.848289343,-0.36190029,-0.1496767,0.058206841
-0.01445122,1.047454363,-1.478595501,3.576260628,3.104708947,1.699061774,-0.215169513,-0.800953439,0.590747883,2.136119736,3.658972348,-0.732241227,2.469511271,-2.551466677,-1.341193431,0.024524557
-0.684873297,1.035442203,-0.157470254,-0.198340403,-0.399655525,-0.959337059,0.285485615,-0.444559312,0.059425829,0.414674893,-1.492143277,-0.083652563,-0.544127566,-0.225292863,-0.619821751,0.040679049
-1.528916091,-0.673743598,-2.408579649,1.582253031,-1.047922295,0.114573268,-0.582657529,0.781232135,-0.728182345,-2.577802581,0.880757921,2.439096546,1.609245317,-0.612302901,-2.504316785,0.065114417
-1.227092935,0.383664697,-1.254524309,-0.83400039,0.03112682,-0.490915466,0.186799096,-0.452630442,-1.344094835,-0.590812102,-0.127966772,1.622450362,0.10927594,1.854330853,-2.213748236,0.021959955
-0.26008262,-0.858043281,-0.037732553,0.309666093,0.263048994,0.510606831,-0.245244744,0.874858572,-0.292389598,0.332346993,1.0352947,0.14814899,-0.121871003,-0.435593105,0.264215247,0.000346403
-0.473822342,0.235408709,-0.283694531,0.191907146,-0.148867817,-0.545073092,0.142725822,0.230373721,0.167475223,0.324630467,-0.441754184,0.204420259,-0.781256766,0.655611838,-0.499361607,0.037851823
-0.086893101,0.487712451,-0.082827742,0.271564807,0.168495418,0.242131613,0.028000076,0.684269793,-0.969966807,-0.579147606,0.17750087,1.120611283,-0.057124268,1.602910782,0.553700823,-0.04907751
-0.260188394,-0.206053927,0.017027184,0.335887616,-0.107953331,-0.246946866,-0.234909452,0.219727539,0.627782633,0.278254409,-0.426643017,-0.335346053,-0.651761281,-0.450265353,-0.039607392,0.043882293
-0.096530636,-0.570952097,0.219348702,0.597005957,0.031861982,0.363126385,-0.343567308,0.603456057,-0.090096272,0.269386809,0.399873192,-0.279964463,0.027808175,-0.306028371,0.150067844,0.019458251
0.110132305,0.12011029,-0.043715819,0.256402527,-0.066811226,0.512175137,-0.263953748,0.082257612,0.286634408,-0.034159607,-0.531438295,0.643023076,-0.661714756,0.740015735,1.049703402,-0.019329331
-0.325051367,-0.29411728,0.105824912,0.278184228,0.161062074,0.076425172,0.182011632,0.639176312,-0.225621492,0.374124744,0.323650551,-0.173868145,-0.42710454,-0.445570267,0.396317575,0.011790171
-0.133395391,0.521721263,0.381496273,-0.094577489,0.419523088,-0.086921169,0.514417737,0.555579969,-0.817411032,0.33913514,-0.333269939,0.072928875,-1.403979806,0.044494158,0.84074422,-0.044922101
-0.762370635,2.144030005,0.354420191,-0.896799636,0.198811691,-1.062842904,0.079140542,-0.456137939,0.329489801,1.459185031,-2.11280453,0.068934825,0.610686288,-1.204281381,-0.549542328,0.105789505
-1.076186841,-1.556050434,-1.505065026,0.943253866,-0.739895915,0.828927554,-0.655870924,0.656459325,-0.61660181,-1.634822508,2.143211297,1.135142027,1.034985174,-0.318747874,-1.723331534,-0.020100449
-0.493989368,-0.10108059,-0.346378336,0.32033819,-0.098776943,-0.406375398,-0.043224741,0.427557789,-0.122611452,0.542969542,0.380767053,1.039769514,-1.170526505,0.085052641,0.297331314,0.00951936
-1.069763282,-3.084953437,-0.196859263,-0.50175579,1.00078192,-0.976972924,-0.210375037,-1.158944375,-3.08788254,-2.450418072,-1.264414465,-2.33928306,-2.496811806,-2.425976055,-2.461629727,-0.02207368
-0.276944276,0.710116515,-0.028034374,-0.131602662,-0.145449304,-0.21301465,-0.387319361,-0.238830063,0.924537014,0.656762026,-0.755316029,-0.790061627,0.243390212,0.366916803,-0.53902298,0.027510774
0.140545983,-0.346887367,0.043826675,0.31226388,0.214852152,0.08955011,-0.398857731,0.402117557,0.273342942,0.144473814,-0.106512942,0.462928774,-0.407936005,-0.524036526,0.279502268,0.000963507
1.317274607,0.677362758,0.851925169,1.954734647,-0.707706679,3.91249145,-1.441495343,0.571057477,-0.359586473,-0.478151182,0.363356267,-4.031535718,-1.108009855,1.382625645,-1.450847836,-0.017511286
0.273709606,-0.1087472,0.674552704,0.149707315,0.306500079,0.018213135,-0.406882088,0.256183129,0.316643125,1.011317176,-0.635752404,-0.444142079,0.444220623,-0.38029478,0.509907781,0.038618363
0.061644379,-0.317452671,0.233624372,-0.082454554,0.012098527,0.026663178,-0.130541642,-0.120376354,0.350149276,0.006831192,-0.164695106,0.01050272,-0.626245605,-0.652130587,0.087773326,-0.024290181
-0.275429345,0.261240754,0.222551232,-0.473688648,-0.111781554,-0.237905022,0.772300688,-0.322257356,0.006834631,0.460988934,0.065377323,-0.093531528,-0.574995661,-0.020923879,-0.026765957,0.009064414
-0.376292412,-0.328558593,0.066948719,-0.391957162,0.279024496,-0.068776569,0.171041744,0.36413466,-0.770402943,0.407444389,1.398086446,-0.42938894,0.649960525,-0.04385765,-0.855598806,0.002104056
-0.661371775,0.974481896,-0.764882482,-0.060319252,-0.527613516,-0.010051099,0.173614074,-0.087356279,0.306444828,-0.043773082,-0.541862477,0.965741403,0.576269267,1.421072542,-1.422323743,0.029812921
0.049387047,-0.858016232,0.27289194,0.000619833,0.181611825,-0.054454379,0.200625413,0.19157381,-0.096962402,0.214041855,1.122633083,1.109579272,1.354447683,-0.278828493,0.037985366,0.010057059
0.069358511,-0.221695401,0.115252044,0.074606957,-0.115415574,0.558863653,-0.554059846,0.235531192,0.390715442,0.399313836,-0.168750103,-0.560792476,0.382719095,-0.453809122,-0.048518526,0.007021264
0.157311152,-0.28849603,0.346219229,0.133202936,-0.101382081,-0.021269419,0.443347393,-0.176389497,-0.689524968,-0.3588261,0.018697488,0.639287782,0.573111351,-0.257779905,-0.174307182,0.010429042
1.673445247,0.382817611,1.278468422,0.812626523,-1.413773051,3.117598315,-0.101854982,-0.774067366,-0.092084654,-1.64216361,-0.662862139,-3.358861944,-0.099654081,2.352436135,-0.705898008,0.018524635
-0.099614717,-0.502427348,0.17594354,-0.27045418,0.455810897,0.116291333,-0.147135909,0.465648039,0.531182264,0.704201428,0.210687379,-0.810002297,-0.187998888,-0.953621773,0.04532286,-0.025745373
0.180100546,-0.05978699,0.265380604,0.016908842,0.253282861,0.608678643,-0.3709595,0.514172654,-0.85102749,0.202777013,0.062882294,0.256162939,0.723340029,0.888785205,-0.379165966,0.022463264
-1.287735216,-1.826430556,-0.499930869,-0.490142593,0.541323749,-1.281144669,0.692074211,-0.542803975,-2.548477992,-1.975863938,-1.044339218,-0.652634427,-1.835599711,-0.79103029,-3.591073448,0.000754952
-0.018778136,-0.16293621,0.170696274,-0.243658166,0.36154159,0.231763883,0.090909037,0.492574465,-0.744551044,0.360492697,0.063184782,0.224193246,-0.088868207,0.841048119,-0.261485441,-0.005341299
-0.218813671,-0.52390094,-0.153557625,0.210017136,-0.230939973,0.452686789,-0.19299905,0.169408162,0.571813021,0.00699429,0.355118687,-0.023142304,0.740027884,-1.197539085,-0.187607178,0.033852458
1.302166654,1.205247995,0.66372533,1.650589386,-0.957820491,5.289688818,-0.854494789,0.21579798,-0.21663357,-1.126097608,0.375470195,-4.312895813,-0.739069689,2.119617566,-2.508785492,-0.010038134
-0.066731223,-0.314979826,-0.084791017,0.444926881,0.002440274,0.634095364,-0.066386816,0.736330579,-0.392467502,-0.273593107,0.505578551,0.46525236,1.006198024,0.936649249,-0.174149378,0.019207289
-0.337388437,0.128283363,-0.012689856,-0.29300261,0.069285947,-0.445614314,0.531002361,0.008258659,-0.286333578,0.302802287,-0.057217638,0.620050675,-0.758553654,0.031311082,0.007529427,-0.01299474
0.984967855,0.142740941,-0.500701573,2.709678249,2.23539536,-0.88323741,1.54038732,-1.958049667,0.115997375,-1.294131475,0.536074267,2.405345341,-0.492101456,1.100273429,-0.224319471,0.010040591
-0.137358392,0.125259695,-0.10913914,0.218278365,-0.280614042,0.324406849,-0.648472577,-0.040105742,0.916324477,0.263579049,-0.599410598,-0.469096858,0.735817404,0.170943104,-0.577287611,0.031983825
0.049139896,-0.463113934,0.194089703,0.025434622,0.117440432,-0.150101203,0.293583357,0.344531239,0.220021552,-0.5786663,0.361862487,-0.19497518,-0.60936871,-0.742881461,0.461392589,-0.030505659
0.438312377,-0.133203638,0.772303945,0.466183215,0.160798647,0.490496183,0.056615668,0.530642677,-0.197564044,-0.986214175,0.648309567,-0.673397987,-0.322313912,-0.49120193,1.019408985,-0.046825875
-0.0648006,-0.251691512,-0.111619938,0.11043633,-0.241178442,-0.088157292,-0.650436462,-0.262847734,0.795340724,0.415233595,-0.600604382,-0.104734447,-0.85107896,-0.276629038,-0.866197591,0.011464639
0.019933607,-0.431348718,0.114044666,-0.070434421,-0.086217297,-0.211569494,0.065568807,-0.091308906,-0.077451855,0.232165521,-0.097728234,0.360067287,-0.979689191,-0.215155507,-0.075583488,0.012320937
3.029640063,1.338732642,-1.363850416,6.312713869,5.704795863,-0.831697413,2.569275337,-5.490468559,0.480090037,-0.718936593,1.436464529,-0.514712734,1.221873294,1.266153942,-0.77839259,-0.027156214
-0.09186771,-0.207285301,0.052323846,0.021653848,-0.166399908,-0.489699509,-0.36386544,-0.343709073,0.677060327,0.430111778,-0.365630433,-0.046102955,0.009851407,-0.379916498,-0.954953078,0.031004223
0.237715575,-0.753482982,0.129427283,0.236026136,-0.152943021,0.128886929,-0.28322602,0.100213211,0.220433368,-0.198158223,0.578263265,0.266011979,0.685682116,-0.790890086,-0.049681656,0.036909143
0.273779631,-0.04479175,0.37296509,0.058481014,0.112865422,0.427897273,-0.010304362,0.215407171,0.450201216,-0.460057103,-0.014991959,-0.46528269,0.520469731,0.115621155,0.503326477,-0.027288568
0.150277652,-0.264714177,0.39025418,-0.033510788,0.027316511,-0.213613017,-0.291841844,-0.221985295,0.386131584,0.383730932,-0.321452233,-0.128952324,0.361713805,-0.802168707,-0.175352495,0.020662953
0.060674699,-0.548500608,0.202462243,-0.229571793,0.062743966,-0.088585126,0.32503912,0.00747243,-0.731907155,-0.125701384,0.75806532,0.541486699,-0.961588173,-0.196921263,-0.553021582,-0.040306091
-0.07130005,-0.493211441,0.107805783,-0.074166258,-0.376941016,0.096437324,0.487489327,-0.14863948,0.543111354,-0.131754542,0.267946638,-0.223846533,0.176862429,0.809058891,-0.42023168,0.012224127
2.558918813,1.100972294,-1.451322912,5.826175554,5.625039918,-1.635677643,2.612820385,-6.111872095,0.569126419,-0.227078764,1.474383618,0.817983181,0.429925043,0.640405439,-1.412538794,0.02398764
0.317580544,-0.227417933,-0.242249732,0.372199545,-0.439147499,0.297523577,-0.628487669,-0.224881863,0.667517966,-0.430366416,-0.59946484,0.586344449,1.089786715,-0.657940775,-0.394194768,0.035438711
0.721143378,-1.008589342,1.032305524,-0.00965824,0.046156673,0.367580059,0.404526525,-0.419508456,-0.064599016,0.290021431,-0.126995312,-1.104311529,0.937383465,-0.215225552,0.39152391,0.026962467
-0.107975159,-0.067669141,-0.115452886,0.051074323,-0.049017196,0.386264233,-0.720259069,0.189356689,0.466132378,0.4952318,-0.077532271,-0.124488011,0.163052581,-0.155544248,-0.570683752,0.027576544
-0.166079616,-0.100221509,0.025534286,-0.159230928,-0.155584654,-0.655917602,0.403031458,-0.393521135,0.539864183,0.207118527,-0.440546227,-0.223174981,0.60996,-1.14452964,-0.602559528,0.035667977
-0.109460235,-0.077228891,0.232295817,0.317756907,-0.348361357,-1.313632836,0.428381665,0.226637998,-0.562363336,0.798186229,0.478605141,-0.302059215,-1.812119253,-0.237449041,-0.378923328,0.021055362
-0.115962518,-0.448183742,0.10068484,0.138623399,0.225876071,0.488994527,-0.21732713,0.691624955,-0.099194288,0.528500031,0.472433867,-0.061353052,1.266905279,-0.178102141,-0.212391757,0.031281632
-0.492781571,0.490493395,-0.120194927,-0.460492425,-0.236302713,-0.501847732,1.106079295,-0.438218695,-0.042299415,-0.151947096,-0.343484209,0.387452621,-0.906692526,0.70972876,-0.676265873,-0.000320302
0.31719137,-0.735740026,0.38411958,0.222732655,0.060121935,0.480070704,-0.160293435,0.263666194,-0.465020332,-0.059601617,0.484813342,0.231483141,0.630692139,0.009593672,-0.04559509,0.039314487
0.02929266,-0.041800122,0.453275431,-0.208778201,0.162626658,-0.390329876,0.117030946,-0.194886982,0.25196553,0.405078878,-0.395846477,-0.295711583,-0.521053017,-0.634723594,0.300712873,-0.004991819
0.042583196,-0.10883167,0.126266434,0.066969959,-0.03912308,-0.028383631,-0.008422215,0.065124828,-0.194028036,0.098443826,-0.046998892,0.59106022,-0.034852671,0.319897507,-0.193947633,0.040228869
-0.079777433,0.347688836,-0.211158408,1.361151796,0.352634227,1.787574975,-0.455584832,0.814016662,-0.107468723,0.157023195,0.425637384,-1.130169451,-0.19725285,-0.150336526,-1.185954069,0.017293479
-0.241467106,-0.085341624,0.282326212,-0.194572666,-0.146292838,-0.764454742,0.828546763,-0.386934444,-0.089126053,0.433745638,-0.713453709,-0.050151581,-0.465348979,-0.237548929,-0.233323036,0.032096689
0.296447747,-0.497347316,0.950933935,0.280135398,0.032725373,-2.129672946,-0.044776124,0.806252915,-1.340990156,2.062861478,2.008786063,-1.41015835,-2.645946332,-1.463048506,-0.245342205,0.006909816
-0.431024545,0.152373146,-0.187787943,-0.851827578,0.341234223,0.048268947,0.800725987,0.010355,-0.959001971,0.260652799,0.256575682,0.038488388,1.203645425,1.316316117,-1.303777146,0.007885385
-0.217275169,-0.456244616,-0.068341375,0.025306797,0.10766119,-0.019072455,-0.340699506,0.398661113,0.210128433,0.68869595,0.35588233,-0.268598961,-0.029971495,-0.266960357,-0.712327662,0.013342046
-0.029417586,-0.444436481,0.116266662,-0.056575021,0.178767335,0.413278489,-0.291775628,0.449212343,-0.110771474,0.500238616,0.375886436,-0.259657819,0.3297765,-0.259578018,-0.392068077,0.02259616
0.172652208,0.278702669,0.144763114,0.141819099,-0.328599754,0.067451373,-0.174576057,-0.447285462,-0.174605618,-0.480915728,-0.544380523,0.533361381,0.274807807,0.887227861,0.132269457,0.002254153
-0.106031562,0.264454264,0.212559158,-0.427498093,0.243040853,-0.31222602,0.132484743,-0.118574183,0.958744745,0.364613321,-0.421428007,-0.588673779,0.191399445,-1.09383627,0.419591762,-0.046827521
0.16229981,-0.104649006,0.251290274,0.128226378,0.207587304,0.138183707,-0.732809132,0.440311572,-0.156794821,0.496973875,-0.051160241,-0.131681257,-0.14037763,0.033379101,-0.343013999,0.018639176
-0.149237887,0.153981539,0.014564555,-0.272208035,-0.33858879,0.297157994,0.34871399,-0.253938977,0.06766928,0.064833528,-0.001959053,-0.171757798,0.614781385,0.660801255,-0.392152796,0.052756203
-0.039196207,-0.251857745,0.159944698,-0.01134241,-0.062937748,-0.298512017,0.282281887,-0.300768835,0.283854266,0.137438957,-0.364002604,0.455211884,0.609482072,-0.553973863,-0.018353278,0.025795281
-0.036230677,-0.218473626,-0.141020416,0.303072761,-0.084302825,0.211120074,-0.666264718,0.330416121,0.531329918,0.47500935,0.507225708,0.053881974,0.930831578,-0.433789516,-0.341933667,0.070808965
0.574044737,-0.742770624,0.563366339,0.304188185,-0.009727289,0.604396758,-0.484585745,-0.392176042,0.117096541,-1.301414637,0.531800017,0.84835199,0.093882518,0.179333865,0.769592096,-0.021739987
-0.485337655,-0.047631013,0.105923719,-0.332686269,-0.174428004,-0.854523908,0.487556768,-0.478061114,0.178881838,0.791000646,0.749754555,-0.260831322,0.580803862,-0.508759443,-1.108244927,0.059510648
-0.140454964,0.253482786,0.077351903,-0.196862248,0.083175117,-0.062559152,0.208449615,0.337390935,-0.424542796,0.242455002,0.142292112,0.242602102,0.036887574,0.368157298,-0.239475384,0.005910048
0.204861027,-0.33979324,0.322414353,0.23958769,0.24717195,0.317410951,-0.576419367,0.443262912,-0.664663869,0.259005314,0.718684867,0.017647054,-0.372233256,-0.239657992,-0.44183885,-0.043548621
-0.37796021,0.038695587,-0.155194859,0.074625348,-0.583049726,-1.031519353,0.590991686,-0.760548476,0.686535629,-0.0004699,-0.241321426,0.239991221,-0.351765585,-0.322674968,-0.532650116,0.056763565
-0.08481147,-0.299584566,-0.301013484,0.326073978,-0.06473822,0.84430875,-0.682708788,0.493702246,0.710625609,0.068672828,0.073593947,0.412807417,2.038972204,0.328381108,-0.469038764,0.056925444
-0.224538518,-0.354402064,0.103255696,-0.306855329,-0.163375923,-0.195060772,0.378529835,-0.297037576,-0.321780909,0.341573278,0.592430081,0.645002101,-0.152471569,-0.738189297,-0.152285531,0.042535055
-0.197775093,-0.054878423,-0.066058342,-0.08114383,-0.05625321,0.249768314,-0.561985889,0.253957082,0.046769387,0.770281717,0.650500042,-0.308945035,1.325252683,0.22107383,-1.02863117,0.075221784
0.094503759,-0.194261897,0.097257428,-0.107934861,0.07251215,0.931174726,-0.221522663,0.329074501,-0.31944997,0.028646529,0.182512701,0.126889701,0.6335304,-0.019521108,0.14966775,-0.059161908
-0.703414527,-2.7677686,-0.165395167,-0.050275836,0.757362914,-0.52064645,-0.039938794,-0.407084036,-2.022493617,-1.942949486,-1.045838386,-0.756114519,-2.013218824,-2.053390096,-2.003574043,0.051789019
0.510735033,-0.475862794,0.415548904,0.583381008,0.08380818,1.083450751,0.098301962,0.199595778,-0.124753819,-1.004824929,0.173715717,-0.657195655,1.796343288,-1.645331635,1.254647017,-0.035086042
-0.513832169,0.361202083,-0.459142566,-0.247558044,-0.416726681,-0.982977078,-0.248142996,-0.650883961,1.113257984,0.781779038,-0.624322898,-0.01663061,-1.515762107,-0.15360726,-1.466621724,0.043621423
0.099973181,-0.388172479,0.433177161,0.283476099,-0.326839851,-0.516968836,0.30438353,-0.415916308,-0.602175919,-0.982690667,0.429137813,0.897994429,-0.404411246,-0.463442087,0.096737747,0.015609171
0.023776893,0.27983182,0.218883662,0.03719858,-0.155088524,-0.246880712,-0.12168007,-0.134109541,0.306377456,0.242833193,-0.420820058,-0.015059847,0.05508188,0.408274787,0.037509964,0.010098973
0.1628487,0.016706508,-0.435216375,2.646287324,-0.827981578,-1.592867097,-4.805753041,1.109375576,4.459099155,-0.448206079,2.104665514,0.699372664,-2.293629367,3.14674999,3.582390084,0.068078429
1.008694189,0.002660402,0.847185623,-0.123005878,0.032306061,0.233294943,-0.55082817,-0.332817261,-1.218464294,-1.140507573,-0.349048414,-1.335727784,1.354750508,1.245249583,-0.265669561,0.04873843
0.020695471,-0.145207242,0.097635194,0.026858104,-0.015255392,0.119781878,-0.644848857,0.16596604,0.866693628,0.578411838,-0.115218084,-0.83931083,0.819360514,-0.117343024,-0.357440111,0.009035526
0.14699732,0.223107223,0.379662683,-0.313275016,0.294308704,0.132502354,-0.527112006,0.150180142,-0.165880714,0.565666574,0.34598032,-0.616894379,-0.346209665,-0.472862201,-0.535272934,-0.019005643
0.170044954,-0.440974755,0.292293373,-0.03674843,-0.212210174,-0.583542156,0.206765919,-0.564028706,-0.154543574,-1.269848146,0.228971436,1.01115345,-0.200567902,0.286791475,0.20973597,0.038680395
0.217407968,0.291832889,0.257459425,-0.027693387,0.357043502,0.290664183,-0.95679268,0.635407701,-0.438576,0.07275266,0.83931523,-1.120348752,0.775673123,-0.010378557,-0.310332111,-0.011683381
1.603268117,0.48114625,0.366756163,0.191993964,0.272369317,-0.645639888,0.306598575,2.228302769,-3.38151739,1.111430934,0.906811798,-1.33873634,-1.587918762,-0.440450325,-0.225200631,-0.15758607
1.975184291,-1.183590644,1.903388927,0.708513802,-0.871373047,2.941929167,-0.299379025,-1.279803438,-1.257551665,-0.345253514,-0.427702068,-3.111437911,0.770659365,1.770972452,-0.922285714,0.060526299
0.282690204,0.017498883,0.199963989,2.381197645,-0.792487301,-1.807323519,-3.449603462,0.823422542,3.566575054,-0.171963372,1.023622633,-0.403850207,-1.901866537,2.429283001,3.157050206,0.077233408
-0.619508367,0.168986704,-0.380549925,-0.559172829,0.096498466,-0.083816065,-0.065052016,0.410022775,-0.162162929,1.319692192,0.888100258,0.378768469,0.310443555,1.312547517,-1.315266292,0.057444072
0.499768768,-0.788645827,0.520917951,-0.906194209,0.041959227,-0.464044683,0.090838726,-1.022579137,0.836989011,-0.927306193,2.007546025,0.844935819,-0.296311572,0.726576954,1.333512871,0.054843528
-0.019960901,-0.084510651,-0.156302719,0.079481394,0.036276574,0.534826964,-1.318338141,0.469757148,1.350827014,1.27734563,0.581675151,-0.616763472,1.937779596,-0.609615431,-0.853325511,0.040190831
0.130125496,0.250649857,-0.102187906,-0.123127821,0.219408348,0.568638988,-0.672887027,0.404864832,-0.195781279,-0.654252032,0.188603355,0.172041291,0.516487618,0.522865915,-0.09954973,-0.032815091
0.142066244,-0.656773273,0.509257662,-0.215213424,-0.002471487,0.349105079,0.442715142,0.023246873,0.295381507,0.442165467,0.884152232,-0.023316113,0.782589096,0.119208499,-0.087101016,0.038060601
0.075190345,-0.317810897,0.124954933,-0.106082733,0.203584991,0.670956801,-0.879537599,0.441575716,0.103162218,0.920035575,0.564098728,-0.488965058,1.45731741,0.180770241,-0.605333448,0.037241816
-0.274916695,0.610386781,-0.157295029,-0.399104893,-0.056407503,-0.221162863,-0.019477094,-0.297221136,0.68997649,0.180110193,-0.317210549,0.297506475,0.547431837,-0.230422958,-0.802277334,-0.025287466
0.052544317,-0.625481103,0.21513967,0.09235817,-0.452595589,-0.520705242,0.265453379,-0.619645351,0.735702357,-0.172237108,0.138025554,0.070353578,-0.184213539,0.116368339,-0.140957288,0.05300824
0.42667634,0.234501804,0.555506086,-0.063988809,0.366898952,-0.195726402,-0.962930414,0.619541456,-0.397374024,0.619605638,0.983750401,-1.736078152,-0.513515577,-0.659740128,-0.173806918,-0.032570815
0.407331765,-0.772383106,0.454569119,0.056304955,0.18813128,0.397338321,-0.779327905,0.08233925,0.3294364,0.391979173,0.299052532,-0.368483948,0.605317477,-0.67723312,-0.149044392,-0.006273778
0.452435603,0.299990851,0.523309363,-0.108240885,0.170667521,0.847924927,0.55529127,0.442373229,0.601378325,0.033534692,0.33184581,-0.083675737,1.684944437,2.024196746,1.310418374,-0.028967267
-0.119567107,-0.920058634,0.290799503,-0.11800624,-0.018116523,-0.671462196,0.329579478,-0.47314539,0.196775339,0.680913061,-0.012408017,0.056168359,0.179612696,-0.893525704,-0.900127201,0.060661767
0.32267658,-0.038217833,0.010899012,0.079456287,0.181902123,1.039197811,-1.582433258,0.847425731,0.138545999,0.932164812,1.348881115,0.031551311,2.22717499,-0.115604198,-1.358479354,0.018882473
0.30113563,-1.355135459,0.72333703,-0.335239486,-0.249003132,-0.434025343,-0.691263456,-0.461018199,1.279452161,-2.321949302,0.901306055,2.187214317,-0.18433596,-0.07021574,1.391749481,0.0562328
-0.29865939,-0.159662371,-0.000166413,-0.392363293,0.285426425,0.868853641,-0.279657608,0.518244297,0.347389322,0.32131812,1.077974039,-0.181971814,0.827867306,-2.416981866,-1.71311561,-0.052244823
0.400783945,0.036591613,0.230119599,0.171898941,0.13519672,0.892266339,-0.760873282,0.425631146,0.38615148,0.230179323,0.813719457,-0.041139511,1.503688444,-0.224592168,-0.650566571,-0.020313063
0.561889418,-0.041925465,0.434171958,0.868347498,-0.836869472,-0.190122574,-0.372709829,-0.675198515,0.296980159,-1.584648772,0.034262769,0.175096532,0.616751647,-0.511606636,0.514144581,0.092323812
0.048586903,1.132555091,-0.611039839,-1.236882894,0.427466589,0.396829763,-0.593339968,-0.574823409,1.642364274,-0.107861033,-1.317762089,1.071032815,0.507863509,-0.07392093,-0.368997618,-0.031279977
0.149620473,0.081986396,0.185812898,0.584707467,-0.48780412,-0.200082901,-0.134882277,0.20818379,-0.067222173,-0.166732157,-0.388880253,-1.249718457,-2.895200153,0.183787298,-0.44831699,-0.022158698
0.962030684,-0.094406957,0.844569081,0.497182146,-0.205321717,0.240560431,-1.343841688,0.147866037,0.561572169,-1.772131405,-0.453360372,0.79303862,0.178806056,0.211679035,1.460011549,0.023651631
-0.150999799,-0.14211501,-0.039775571,-0.368746205,-0.251918793,0.095195873,0.192443592,-0.524436531,0.522189171,-0.141633116,-0.073817502,1.10158433,0.391038841,-0.607019195,-0.231347243,-0.016476253
-0.331774987,-0.479092816,0.070680709,-0.257158627,-0.321616596,-0.658565204,0.064046148,-0.524586283,0.49462071,1.381116185,0.152465247,0.144868665,0.191236874,-0.606525115,-1.167931906,0.058928158
0.090817058,0.024554511,0.347647668,-0.422458411,-0.135396541,0.6408045,0.560610571,0.04613669,-0.438552061,-1.950455684,0.040120565,1.246929585,0.138339403,0.681724043,0.729526107,-0.054966292
-0.173687149,-0.573477761,0.154676181,-0.187121212,-0.243852335,0.075046905,1.026770734,-0.514197535,0.779487433,-0.388149644,0.531383325,1.12036672,0.400222911,-1.156130812,0.995273317,-0.004961785
0.22065138,1.032416353,-0.016994848,-0.539170885,0.844317265,1.915409539,-0.415713383,0.428154118,-0.229034913,-1.150327094,-1.535625477,0.188030104,1.760571019,0.694748029,0.432106285,-0.083456134
0.568716228,0.72252592,1.155764795,1.108406956,-0.448222877,0.949650448,0.821254536,-0.392775058,-1.535645806,-2.809354433,-1.506782038,0.381883642,-0.226897855,0.657643274,2.625285272,0.004045193
-0.268864143,0.489623534,0.613076907,-0.944770616,-0.005046772,-1.402377095,0.615184725,-0.996391828,0.320663363,1.471676367,-0.979288941,0.110240563,0.536896504,-1.133282624,-0.339909207,0.034050247
-0.097659663,1.259158744,-0.368919614,-1.145697099,0.8927546,1.664735924,0.125138193,-0.016106517,-0.272593754,-0.631655827,-2.491992298,1.79005843,1.670202867,0.455023279,0.238369241,-0.09683109
0.166177218,-0.810443286,0.011558372,-1.149724557,-0.443167789,-0.559093011,-0.118576852,-0.400077647,1.16460795,-1.656164499,0.820689895,1.139757864,-1.146257075,0.450787363,2.246346582,-0.066358544
0.239978488,-1.061652378,0.150211456,-0.545823019,-0.29096391,-0.061555247,0.200915864,-1.052495643,1.471379641,1.534207795,0.543189823,0.349584869,0.255247737,-0.190830976,1.626741186,0.074007011
-0.385069038,1.135943371,-0.321023188,-0.834061684,0.164721007,-0.678405329,-0.678123311,-0.021057582,1.325147964,1.42515221,-0.326343866,-0.03014876,0.51405676,0.431187353,-0.323371567,0.005077288
-0.132482657,0.697344356,-0.099928062,-0.593101018,0.275817927,-0.165899244,-0.183930007,0.065248502,0.157866707,0.433204977,-0.060831073,0.49338138,0.020378806,0.51307781,0.44172658,-0.025321483
-0.101876141,0.58213401,-0.129808312,0.01924142,-0.029497216,-0.373863877,0.006170148,-0.17336594,1.033762295,0.250622333,-0.850732643,0.677214059,-0.111678052,-0.455181448,0.241884375,-0.01083089
0.304437534,0.12545723,0.314828164,-0.027392574,0.574139597,0.98551109,0.131606589,0.285445085,0.663124094,-0.339851498,-2.174351314,-0.361353727,1.548958816,-0.213253796,0.891369189,-0.066255606
0.751358623,2.723745856,0.461591083,0.381288763,-0.487736126,1.306315045,2.038562699,-0.857166758,-1.348642128,-0.388438063,-4.011119497,-1.528543332,-0.565661355,0.232356883,1.503150601,-0.085256615
-0.542540865,1.460223049,0.402563105,-1.319348861,0.099990861,-1.273717764,0.833187822,-0.986919204,0.585901594,1.311503284,-0.860470111,-1.296261971,0.225421408,-0.54309059,-0.08527995,0.017937188
-0.790306322,-0.078541915,-0.653084736,0.170977905,-0.871911004,-0.331725074,0.247290767,-0.550212384,-0.103017296,1.451094444,0.212029456,-0.510341259,0.814995286,2.276941566,-0.13158729,0.07248435
-0.085668287,0.191592002,0.268875188,-0.76053504,-0.10323619,-0.078795804,0.282740105,-1.185609932,-0.845187967,0.933728792,0.040212313,-2.11929485,0.545647076,1.003717844,1.421577901,0.007545292
-0.538854174,0.362299592,-0.468166913,0.065763031,0.018691678,0.022193844,0.680141075,0.329618675,0.158630944,-0.486925716,-0.031733724,0.71866212,-0.248070231,0.479756935,0.378944168,-0.015687526
0.173537574,-0.673584651,0.081955136,0.609757149,0.041744991,0.749253107,0.022669056,0.77955724,-0.482288123,-0.632474087,0.119892524,0.762228629,0.13550494,0.595893044,1.028099543,-0.020993735
-0.165885119,-0.757192749,-0.045421642,0.463027613,-0.232066173,0.090219776,0.074102622,-0.049019785,0.302233535,-0.118124556,-0.691683911,-0.134737514,-0.716101082,0.195394051,0.494477843,0.036080076
0.187596927,-1.415763046,-0.021646459,-0.795913927,0.127456045,0.47442771,0.279815517,0.005719718,1.300048981,-1.29683641,-0.509547766,1.178500774,-0.255247069,-1.338520505,1.501748113,-0.063384683
0.002165709,0.229161493,0.065728733,0.37839637,0.09095642,0.308199977,0.279707208,0.63331246,-0.005626143,-0.572845842,-0.750092832,0.287177985,0.055297599,0.328299855,0.555233157,-0.009122942
0.528909586,-0.994036611,0.47778583,-0.211639647,0.129962309,0.90727902,-0.094945442,-0.08251563,1.166641399,-0.297485732,-0.82077345,-0.148238274,0.805418053,-1.342281722,0.77838997,-0.075224446
0.423306707,-2.614914478,0.095896176,-1.359406399,-0.066608345,0.300246064,-0.015503365,-0.138681638,0.830023958,-1.36160023,1.234069661,2.096656023,-1.718555696,-1.5557512,2.010788553,-0.082289769
0.031547845,0.749589403,0.309551355,0.309239122,-0.200930809,0.093837767,-0.072639586,0.516832396,-1.142017104,-0.333469195,-1.070653055,-0.263478987,-2.018397445,0.608621332,-0.051202993,0.004869544
-0.002764456,0.924990655,-0.388199066,-0.975815641,0.672015698,1.723649908,-0.331340076,-0.125506257,-0.026970486,-1.718545109,-2.604684157,2.639985544,2.391565122,0.923091039,0.643092005,-0.116561168
-0.954725135,-1.17812712,-0.272587969,0.341912688,-0.911066857,-0.457012674,0.792431281,-0.552653818,0.814336977,0.548776978,0.242010131,-0.415586158,-1.338050446,0.049729473,0.121530772,0.082914421
-0.685870299,0.330650808,-0.436819827,0.069704154,-0.184976677,-0.667352885,0.069993976,0.46123998,0.284950023,0.643933833,0.309609867,0.362709416,-0.224363623,1.212912683,-0.75538967,0.055500585
0.576038765,0.206891555,-0.107526893,0.309358754,0.460355946,0.944102473,-1.395665029,0.301066537,0.730529361,0.027725491,-1.338618679,0.85697042,0.673759795,-0.218307637,1.969210009,-0.062229277
0.238962896,-0.382271581,0.641646688,0.051548214,0.53224609,-0.067191949,-0.205240626,0.384455534,-0.202196807,0.090291901,-0.358814782,-0.659223595,-0.08884224,-0.362622183,0.497386206,-0.027797494
-0.158531366,0.619562133,-0.32683333,0.050284731,-0.601218415,-0.222267266,-0.219470267,-0.71375945,-0.053979273,-0.253015485,-0.632232463,0.570803358,-1.07957488,-0.32674045,-0.307290412,-0.017149844
-0.764206228,-0.434507362,0.030621288,0.3515802,-0.88890495,-0.235523761,0.752064106,-0.233728922,0.387862082,-0.443175999,0.726386916,-0.992260488,-1.935866317,-0.246983983,0.505369023,0.008322874
-0.301986757,-0.375807835,-0.278380041,0.549718696,-0.557485645,-0.164170184,0.154680948,0.242838638,0.453120879,0.03073917,0.227866268,0.857396129,-0.454234826,0.990755188,-0.757649785,0.07792735
-0.328294354,-0.597675268,-0.447342828,0.652439401,-0.199516514,0.545713841,-0.217848591,0.877468933,0.785619547,0.336638514,0.057220573,0.260733166,0.748969459,0.2204634,0.542222768,0.049645666
-0.70382717,0.66867572,-0.156483182,-0.48810725,0.165071122,-0.150297682,0.100511402,0.887069862,0.007658269,1.023738224,0.003032446,-0.218207925,0.986054083,0.106925449,-0.476029775,0.011258626
-0.23511023,0.443157387,-0.05606095,0.132962146,-0.225574404,-0.359383877,0.269640703,-0.023968121,-0.091550303,-0.103817407,-0.411703717,0.382332832,-0.641164309,0.660069247,-0.045332934,0.016093507
-0.187008595,0.290791131,-0.210405415,0.019859116,0.126728225,-0.332235843,-0.233118917,0.491544693,-0.098183142,0.352775204,-0.418564751,0.639455029,-0.255695904,1.319829786,-0.58246168,0.017715344
0.617558673,-1.423068621,0.718231033,0.365290885,-0.488762477,1.559197812,0.384433705,-0.196895599,0.771087637,0.025272014,0.465669805,-1.917023492,0.173570532,-0.400606839,0.34742954,-0.012016233
-0.113492611,-0.614227967,-0.031398406,0.45443591,-0.461476692,-0.239573517,0.232319925,-0.172707058,0.272475975,0.224957076,-0.014800187,0.368666745,-0.102814055,0.04136349,-0.175097039,0.053504269
0.147011452,0.227019693,-0.087847214,0.248967845,-0.017373602,0.410993467,-0.354112894,0.439354549,0.331346358,-0.303789908,-0.589185035,0.60930972,0.312776904,0.244674798,0.231707994,0.007103225
1.044436303,-1.143156923,-0.174951344,2.165508148,1.784287739,-0.589318412,0.267289071,-1.969733451,1.649919775,-0.477595391,0.997332344,0.181667403,0.356505537,-0.420390643,1.274830921,0.049518899
-0.240093813,0.060186908,-0.056716952,0.143535534,-0.339496973,0.330376089,-0.1438946,0.05435902,0.636391994,0.059998056,0.358019289,0.098310498,1.027902151,-0.083941352,-0.563475705,0.017128882
0.16198527,-0.28255452,0.596358176,-0.113555749,-0.074715069,-1.026463684,-0.268421748,-0.377379049,-0.675145622,1.094166694,-0.424372289,0.436594621,-1.045708122,-0.882354718,-0.346961901,0.012135101
-0.035445032,0.130777385,0.23566331,-0.336948874,0.510790704,-0.776493409,-0.719834827,-0.524622302,-0.284193317,0.212074994,-0.467270816,1.158666652,-0.525038863,-0.33792265,0.946104089,-0.016494221
-0.113687894,-0.405404404,0.73641584,-0.70341146,0.437675985,-0.673182942,-0.121944201,-0.357371801,0.304280265,1.276227688,-0.23074705,1.142949865,0.912329062,-0.634413392,-0.192681944,-0.016924363
0.100350476,0.418009674,0.55200603,-0.095609366,-0.133877102,-1.125978176,-0.281874285,-0.519683772,-0.121943988,0.578208174,-1.167668658,0.437893337,-0.537738084,-0.54230816,-0.043231889,0.012001993
-0.396041089,-0.443121173,0.117555639,0.166689433,-0.618041117,-1.128589698,0.095650641,-0.337552252,-0.131381973,0.118474606,-0.617410063,0.736967574,-1.36387784,-0.327947371,-1.061043511,0.017829189
0.351394286,-0.48257547,0.755546979,-0.573711886,1.117939645,0.208698108,-0.019355939,0.384449454,0.351985664,0.058672439,0.837527409,0.712524746,0.530599152,-1.22434196,1.421156497,-0.034892238
-0.080908209,-0.002427544,0.049413579,-0.134898035,-0.168908932,-0.469502262,-0.467779628,-0.079679275,0.223367696,0.83071391,-0.719692344,0.302463157,-0.462150901,-0.364577686,-0.343267104,0.002284721
0.176796288,1.645009709,0.696787531,-0.03699134,-0.555565602,-1.100320987,-1.707500784,-0.375077108,-0.304277388,-0.967579897,0.329042555,0.21469914,-0.245170433,-0.517901258,0.544821492,0.009320337
0.335704764,-0.195742763,0.841808844,-0.275629944,0.581692778,-0.262713856,0.169828227,0.343460671,0.571562168,0.476808608,-0.243126552,0.102380189,1.162867365,-0.952955346,1.144562307,0.013916956
0.316275182,-1.000964993,0.135684736,0.732249593,-0.398039312,-0.052493642,-0.561167341,0.114581096,-0.706964496,-0.358036564,-0.43328354,0.963118611,-0.7559414,0.131952184,-0.555070173,0.03786878
0.211063696,0.003174791,-0.006776937,0.465963921,-0.274511392,0.580856548,-0.193198628,-0.310628752,2.185193157,0.478294854,0.220173182,-0.648196474,0.505723851,-0.033856769,0.524951267,0.031942491
-0.310907362,-0.222880558,0.470806771,-0.67968169,0.262092665,-1.141991428,0.949355225,-0.632873391,0.488246126,0.300999717,-0.12008416,0.416346316,-1.705730025,-1.223793328,0.313245024,-0.025615748
0.272182126,-0.651833149,0.178545725,-0.162530954,0.357805779,0.24651318,-0.328739164,0.017399735,-0.095375989,0.230801599,0.336191476,1.162918708,-0.255882226,-0.386652137,0.417878173,0.018726935
0.156088598,0.041031778,0.538021266,-0.172388148,0.329745546,-0.197917214,-0.281822488,0.070206383,-0.376529936,-0.152144357,-0.747240157,-0.059951606,0.046192006,0.241042802,-0.01567859,-0.019302752
0.182746359,-0.319427618,0.394874016,0.073769809,0.16892099,-0.322946537,0.059598601,-0.12346668,-0.59058838,0.012498691,0.026342324,-0.175289335,-1.029869144,-1.273302966,-0.157338084,-0.020313519
-0.274037756,-0.487674223,0.299643249,-0.15993091,-0.3635915,-0.631250726,0.364505242,-0.505385765,-0.436591516,0.492892049,0.14965389,0.654170855,-0.946711103,0.195537464,-1.143090593,0.029512223
-0.236360978,0.203963503,-0.066292241,0.091936032,0.225931301,0.504329922,-0.076462143,1.01741407,-0.736354413,0.227423303,0.205456611,0.703158826,0.589116264,0.459768166,-0.227321874,-0.000142688
-0.051351789,-0.68312378,0.340146318,0.126495555,-0.160648836,-0.063976524,-0.415437869,0.14872207,-0.242331456,0.806316489,0.336767857,0.315280282,-0.078056987,-0.101016411,-0.437340896,0.035336452
0.407267452,-0.778558337,0.47565555,-0.172246817,0.596975219,0.325756453,-0.544181302,0.459127863,0.126765363,0.062038978,-0.062997244,-0.516653402,0.8533043,-1.369814373,0.238861092,-0.011285468
0.337884969,-0.81939644,0.704878609,-1.961727346,0.743605294,0.198701946,1.241068896,-1.051375668,0.249148046,0.212439453,2.749140689,-1.07516931,-1.836810432,2.279606913,0.854198641,0.006924907
-0.107568046,-0.219371422,0.103104147,-0.864516488,0.542521116,0.040393392,0.45316585,-0.135655898,-0.055082419,0.271270027,0.218575586,0.485209629,0.177432868,-1.461549612,-0.2493118,-0.017899994
-0.277688337,-0.180529777,-0.092524721,0.371442986,-0.730061764,-0.212705574,-0.351662535,-0.068899334,-0.119574621,0.17880004,-0.124711961,0.284205117,-0.602945303,0.601527804,-0.860215882,0.034581238
0.705215254,3.757449721,2.072805214,0.546156507,-1.006461205,-0.904781083,-3.659134186,-0.707172394,-1.183843613,-4.087227661,3.312771192,1.940702473,0.979352455,-0.612342192,1.824253759,-0.00095285
0.412769222,-0.872566233,0.489994567,-0.111681292,0.527375725,0.348505191,0.162821776,0.468692892,0.016031306,0.507021742,0.635105331,-0.019158244,0.35018079,-0.28741664,0.680764885,0.025155773
0.066333504,-0.471108954,0.04327729,0.078488731,-0.171031921,0.524256997,-0.329735609,0.191015396,-0.513559106,0.024111534,0.52323084,0.470149372,-0.472719908,-0.187448931,-0.086842157,0.000445182
0.651303612,-1.482851532,0.642308223,-0.209659528,-0.020469916,0.931917371,0.592633063,-0.16430217,0.043924363,-0.011364514,0.937279713,-0.753152283,0.523838344,1.057821271,-0.391122627,0.011003842
0.387053469,-0.453855067,0.793320977,-0.276236334,0.229242499,0.315511074,-0.29225229,0.044775672,0.356453054,1.045163182,-1.933756897,-0.242434787,-0.003476158,0.198876355,0.290408877,0.012113265
0.332108346,-0.963907971,0.323589674,-0.889695259,1.053407206,0.86493677,-0.003198871,0.212343783,0.26529207,-0.045166722,1.837120476,0.552358687,0.608674132,-2.517699475,0.775393032,-0.031404914
-0.225059175,-0.083294897,0.078990438,0.285535942,-0.701686473,-0.050839965,0.20109418,-0.467735637,-0.427149929,-0.559053554,-0.863505053,0.327988241,-0.476683722,0.543089833,-0.999812843,8.66E-05
0.105894197,0.225607072,0.288587423,-0.588578694,0.374906381,0.572476484,0.189889034,0.019275984,0.225924781,-0.03297326,0.003560837,0.152378472,-0.135188006,-0.349444967,-0.307080669,0.005072924
0.284438463,-0.392784075,0.380598425,0.357971655,-0.238137102,0.240606383,-0.669877012,-0.15470449,0.135488092,0.217340767,-0.052990109,-0.085538914,-0.187218827,-0.555509332,-0.47516846,0.021051125
-0.319407046,0.300417928,-0.146078182,0.159720148,-0.399089562,-0.116436686,0.034559831,0.140198674,-0.111888088,0.087785765,0.124405008,0.582605793,0.157991993,0.460483764,-0.766681401,0.024269376
-0.296740153,0.133535749,-0.055170695,0.252097579,-0.273395453,-0.260405239,-0.162502973,0.251449436,0.854021068,0.336749208,-0.219464075,0.208207067,0.426712683,0.674063313,-0.062652588,0.031021837
-0.019135125,-0.332327827,0.102531647,0.028862997,0.334601387,0.203206688,-0.328152281,0.716396107,-0.003730613,0.666727392,-0.154687473,-0.228977659,-0.569409572,0.122121773,0.226604365,0.016332505
-0.359284745,-0.256205969,-0.205599555,-2.644431883,0.699871535,0.208630387,0.499560768,-0.77221925,0.20007106,0.525312447,3.745198145,-0.257961772,-2.310867698,2.61637038,0.274368542,0.012536836
-0.471509144,0.005433905,-0.311005834,-0.311964088,-0.062554342,-0.241535051,-0.000784032,0.110731427,0.903035521,0.682484818,-0.588288344,0.158211242,0.897608083,0.762567665,-0.775158846,0.013961173
0.223273164,0.450315665,0.200647522,-0.567939685,0.932206558,0.845864791,-0.189841134,1.046699925,-0.071675246,0.406326295,-0.295997225,0.115723403,1.319319694,-0.626449428,0.41443219,-0.022088306
0.14967886,0.69299157,0.234065048,0.338738724,-0.284279142,-0.137297742,-0.187407477,0.058928947,-0.32702557,-1.582591596,0.31493403,0.030325826,-0.623082148,-0.089273764,1.455235197,0.009930484
0.046095622,-0.594490263,0.131118971,0.343320897,-0.088708849,0.278246154,-0.620884193,0.400333022,-0.020053194,0.827414066,0.237648334,-0.350992732,-0.99244351,0.765955525,-0.167381409,0.042379836
-0.325124443,-0.689902756,-0.094484738,-0.109100761,-0.103684242,-0.231788542,0.083688869,0.291124409,0.600211698,0.704568847,0.355282505,-0.169749262,0.327565913,0.306700708,-0.628850946,0.032030724
0.02245357,0.077147956,0.188791816,-0.074135616,0.452780748,0.396301517,0.181667455,0.890786271,-0.390601709,-0.505435683,0.340518793,0.276438264,0.341240826,-0.133320138,0.099031028,-0.017976931
0.644606356,-0.648184653,0.637425774,-0.054704246,0.424799336,0.656246418,-0.049479843,0.396723272,0.039693591,0.030986098,-0.836858545,0.367256818,0.1491763,-0.621222955,0.962823159,-0.032497629
8.081199576,-2.954390138,-2.219516102,0.641760282,-2.848137566,-0.885579836,-1.501843041,0.711451418,-1.853316779,-0.410768767,-1.121159572,-0.198889002,0.565720288,-0.97023038,-0.632787547,0.012774688
0.747740719,1.353264392,0.771852107,-0.686680829,0.134319542,0.440541029,-1.279538567,-0.178633903,0.206559064,0.82363163,-2.402253606,-1.721228638,-0.211493506,1.049384498,0.090848866,0.035168284
0.003239994,-0.823946069,0.350828822,-0.176800446,0.464848365,0.006811358,-0.125519545,0.273856445,0.292708464,1.009885207,-0.797401508,-0.21671247,0.439488819,-1.289804161,-0.107348038,0.014713558
6.692685988,-2.138886484,-2.002693205,0.393496627,-2.119702146,-0.891931194,-1.318352072,1.078417025,-1.960258782,-0.885535354,-1.450665351,0.627621269,0.40458954,-0.341785222,-0.429751224,-0.045042789
1.248188628,2.354427312,-0.744484367,1.83287603,4.078319139,-1.042087228,1.504273049,-3.259496391,-0.11316818,1.160286387,-0.650738568,0.635669087,0.257517537,1.23103994,-1.545831582,-0.00866593
1.305604227,0.783310587,0.127482327,-1.746047324,0.654619126,-0.07179596,0.532385981,-0.291863199,0.000204538,1.253605115,-1.34824676,-1.557308346,1.896835372,-0.932877698,0.23467423,-0.06311391
0.121862262,-0.038546532,0.038081486,-0.365678969,0.73476215,1.294645332,-0.478542701,0.471711975,-1.220038962,-0.108060059,-1.098857213,1.704835475,-0.210230823,1.293344369,-0.226760937,-0.035379708
0.404657733,-0.825114381,1.219637358,-1.283586341,-0.414215419,0.19492567,3.054353367,-2.172393143,0.967596881,1.7756211,-1.917294893,-1.798070683,1.906118637,-0.033147006,-0.317009472,-0.005977412
-0.548176776,0.274555186,-0.165542811,0.153285248,-0.325156278,-0.594124417,-0.153508688,0.215885072,0.150473822,0.679512077,-0.353152847,-0.17032425,-0.75697677,1.232909948,-0.838884665,0.04645094
-0.29868358,-0.546241273,0.013136274,0.848931276,-0.284749448,0.222928023,-1.05967108,0.406744246,0.01988183,0.978297573,-0.618808631,-0.162793036,-0.095860815,0.277820094,-0.169873856,0.010617587
0.111274215,1.385988961,0.409080973,-0.091702109,0.551160719,2.399344846,1.281340372,0.142374425,0.817734801,-2.502759592,1.030274155,-2.40770911,-0.908526188,0.079912018,2.031704052,-0.08988355
-0.18737122,0.195550631,-0.509576622,0.373351545,-0.286902985,0.131066549,-0.151281717,0.233193801,-0.190130888,-0.406229206,-0.076043414,0.944870821,-0.557372037,0.743785826,-0.052107749,-0.009908301
-0.897385135,1.550391925,-0.647708673,0.47349832,-0.953373601,-0.171338136,-0.145507822,-0.451914075,-1.162377034,0.392750766,-0.245937644,1.578830519,-1.636600347,1.882319652,-0.47068259,0.012116798
4.809060283,7.497371034,-9.602955405,2.052039398,-2.479616428,-1.560984982,1.936939767,4.9315367,-0.277171994,1.50865961,0.248360785,-1.975433171,-2.789283091,-3.471402528,1.164530966,-0.095180787
-2.353326766,4.021532547,-0.087476028,-3.502823605,-0.013600115,1.863049157,-0.43427914,-3.405677157,1.927281245,-5.361588807,1.396081432,-0.017817092,-2.292860759,0.14593163,-0.33657602,-0.185636486
-0.890053369,0.664464833,-0.497102277,-0.376319206,-0.173002435,-0.149538679,0.582054327,-0.153439787,-0.08625005,0.023169009,-1.876841344,1.176119048,-1.7438901,0.664172925,0.510861733,-0.077798346
1.253864085,-1.22792787,3.268391441,-1.669751992,-1.520870462,-1.985631554,2.810913537,-2.661377881,1.377481395,0.751332817,-3.68911081,-0.843779787,2.365717674,0.426670153,0.963412755,0.007791136
-0.854604889,1.579454571,-0.795401332,-1.000129889,0.566637755,2.078792944,-1.214131552,0.326510217,-0.731282626,0.651487108,-0.313627499,1.888091061,2.593058591,1.943371338,-0.960274969,-0.089549886
-1.662819681,2.138106868,-0.857595593,-0.493020478,-0.288172192,0.764186107,0.375008183,0.14500715,1.436752733,-0.587965965,-0.421900887,-1.122012745,1.307913339,-0.211005692,1.660555997,-0.116456544
0.418200145,3.424764036,4.69751695,0.180707044,0.335135827,-5.626816285,-7.65188823,-1.982859224,-3.634891104,-1.923304616,-0.518122665,-2.458374619,2.019944626,-2.730541678,-1.191532558,0.081952736
-2.057317856,0.418855479,-1.202336554,-0.68842346,-1.635298839,-3.007524201,2.453786836,-0.897911832,-1.295314943,1.898266486,1.886992435,-2.373222941,1.601691125,1.409587757,3.165344127,0.089772215
-0.833337032,-0.452395133,-0.072587755,-1.318894955,-0.909735567,-2.879377435,2.913388651,-1.503540535,-2.123859291,1.682036945,0.938115761,-3.513760846,2.418373293,1.633056958,5.349575722,0.051720558
-0.041180678,1.909926417,0.329534498,-0.531143501,0.738731849,-2.34872091,-1.873042594,0.853385988,-1.405845704,1.902642878,0.208676152,1.933876883,0.686745689,0.5016782,1.303456751,0.000195816
-1.147363654,-0.358089175,-0.815570694,0.980635384,-1.70602645,-1.57608112,2.045178573,0.235750595,-0.56537709,-1.188353353,0.616221314,-1.260576068,1.029537801,1.677862466,2.011498227,0.071521977
-1.624128589,0.122367393,-1.02417809,0.775655641,-0.981679508,-0.955250014,0.510822039,1.027159958,-0.592985016,-0.074974516,1.994610682,-0.910626451,0.682884141,0.990714519,0.354963194,0.033019119
-0.194041122,4.260255121,2.063736861,0.557671511,-0.76913259,-2.919013608,-2.53200206,-0.019065559,-0.907146166,-0.158311379,1.000537184,0.043790359,1.537492407,0.181890597,1.041030841,0.035090306
0.15284174,-0.213682438,0.250981054,0.120239532,0.522745514,-0.215909269,0.13092805,0.847393749,-1.29818882,-0.414497299,0.02745811,0.406246629,-0.861154597,1.470842118,1.738132311,-0.019950215
-0.67488166,0.32582579,-0.55421224,1.113287651,-0.670038877,-0.681747672,-0.146340835,0.946805892,-0.20814507,-0.527227247,-1.133143966,0.409202183,-0.227890842,2.043395233,-0.654037672,0.055769365
1.007203305,3.033030253,5.198529295,-0.843903127,-0.98563809,-3.793133456,-0.548225216,-1.136924194,-3.960661136,1.096361273,3.916559596,-0.087299235,1.209376604,-0.018978072,-0.338879473,0.017614547
-0.111933753,0.324206964,0.305147419,-0.519660686,0.300886332,-0.01632405,0.80335322,0.488425637,-0.890861055,-0.809258902,0.250488196,1.07021914,-0.004494384,-0.004456417,-0.669737161,-0.037675141
0.027517767,-0.710087869,0.336674049,0.362421913,-0.385264252,-0.012837119,0.188046334,-0.5025054,-0.365107887,0.317983491,-0.916523056,-0.367744158,-1.376121389,0.257131737,-0.343939148,0.028114744
-0.460876447,-0.414680493,-0.442326468,-3.489945052,1.058666426,0.681799929,-0.158104211,-1.038403507,-0.046638164,1.69287272,4.389390864,-1.931144774,-2.832092188,2.53796109,-0.619704224,0.057132761
0.103944392,-0.670097485,0.326200548,-0.294060837,0.743973034,0.871660162,0.357439973,1.087133842,-1.305824401,0.546600479,0.809633042,0.504869715,-0.018543307,0.825059881,0.259736622,0.014651468
0.775701252,2.039133935,-0.068662391,-0.380105201,0.423466369,0.780428335,2.496648078,1.819251386,-4.404291441,-0.731688284,0.412754743,-1.118288258,-0.678184354,0.479395377,-0.377320813,-0.085531654
0.252378897,0.475184652,0.644826175,-0.4448606,0.535634594,1.301682404,-0.21828616,0.206139283,-0.41036117,-0.812254974,-0.719635372,-1.182362228,-0.181142821,-0.139308278,-0.138787387,-0.05538838
0.019415622,-1.207393233,0.222038458,1.071083257,-0.624437099,0.045966635,-0.891157855,-0.616092938,-0.059108506,0.990227014,-0.204584001,-0.441901443,-1.447396627,-1.203525379,-0.587091658,0.066515783
0.086468068,-0.044705291,0.257735264,-0.265872099,0.199115527,0.41072873,0.768302737,0.314882686,-0.894253437,-0.769315922,-0.1800319,0.598235754,-0.077424605,-0.263448226,-0.147761215,-0.048611803
0.056071746,-0.707619442,-0.051783298,1.486032121,-0.247605656,1.180838644,-0.892390933,0.67173369,-0.389970686,0.238202988,0.607873764,-0.381047959,-1.669177737,-0.761328711,0.827681736,0.083928475
0.177795677,-1.0035691,0.17919984,0.238157195,0.060591036,0.210137521,-0.607198804,0.310987431,0.486795136,0.747223066,-0.22825878,0.28180403,0.992544155,0.273365702,-0.324842359,0.036193001
-0.398668315,-0.390280841,-0.153262641,-0.647686471,0.260479392,0.426704563,0.738933261,0.465869565,-0.907450378,0.303083542,0.675190401,0.665188641,0.096547354,0.690026056,-0.670766145,-0.00229291
-1.050239135,-0.2751131,-0.513398445,0.024074148,-0.206608093,-0.769088831,0.332498454,1.150602376,0.615327129,-0.102039315,-0.637681059,0.294380868,0.570945629,0.001225738,-1.227181146,0.063256517
0.075667722,-0.496056541,0.1727973,-0.030967799,0.193261881,0.283409408,0.289470137,0.649528658,0.255657298,-0.072836871,-0.330376142,0.360196892,1.253165883,-1.119280854,0.362405833,0.022392985
0.159657046,0.14643887,-0.045763165,-0.011510764,-0.002524075,0.779154587,-0.44001335,0.072227715,0.223192605,0.144024324,-0.833827334,0.030892686,0.632749552,0.931326437,-0.607885474,0.031456595
-0.068121827,-0.727989521,0.400850169,0.551892392,0.157026704,0.71235841,0.599576389,0.545856605,-0.717173006,-0.048285092,1.194924976,-0.231469038,-1.687190019,-1.931268263,0.841993476,-0.001047851
0.552888217,-0.129177076,0.339212546,0.318441318,-0.065074292,0.741166073,-0.969015227,-0.201495561,0.418544254,0.559060063,-1.323344475,-0.540195053,-0.208231245,0.538848112,-0.2317156,0.028096916
-0.299707603,0.414152257,0.245830647,0.003406652,-0.193098823,-0.3340109,1.122894885,-0.623965543,0.192744991,-1.029257629,-0.684297914,-0.876718407,-0.699986061,-0.477557613,-0.298150999,-0.013592894
-0.847716657,1.162408492,-0.341537407,-1.208357517,0.183132991,0.32127197,1.215995949,-0.633594878,1.799950677,-0.080522271,0.226262289,-1.831069284,-0.680931359,-0.449825598,0.164542332,-0.018426233
0.073292985,0.1832468,0.277306273,-1.112883373,1.404669761,1.667785488,0.079668702,1.143260347,-1.687010721,0.463061113,0.13336673,0.883436511,0.806209186,0.252243235,-0.559845358,-0.021708367
2.341805145,-0.311744774,0.418149669,-0.371387105,0.114895632,0.954969917,0.948087103,0.309114877,-1.537517044,-0.99049067,0.53834991,-1.665891718,-0.757258674,-1.272676569,1.66781372,-0.058467492
-0.541840161,0.92838945,-0.56414724,-1.506502599,0.649993028,1.093220197,0.053491074,0.611476,-0.412400779,-0.78671037,0.372977745,0.808827294,0.086355537,0.072748552,-2.514115522,-0.074467128
0.288146068,-0.725653277,0.442743116,0.541097936,-0.422478808,0.079513344,-0.414536202,-0.623572945,-0.591290628,2.024022199,-0.930462921,-0.202362674,-1.255546992,2.327724821,0.023557574,0.102306592
-0.156488453,0.575138528,0.005583229,0.289444358,-0.628452157,-0.449075799,0.969354395,-0.311114649,0.423917001,-1.137758711,-2.064761784,-0.181702372,0.701989409,0.016101506,-0.149916366,-0.005071483
-0.817940578,0.340078544,-0.555075314,-0.379751164,-0.274838871,-0.200017183,0.705158758,0.465779324,0.361001435,0.253885841,0.332820107,0.797900228,0.538925346,0.696317945,-2.529201008,0.008504505
-0.255484574,-0.278582837,-0.123105661,0.828663619,-0.369447642,0.042062059,-0.469538894,0.565659637,0.601388766,0.63727385,-0.744517924,0.357860851,0.138941172,1.30476092,0.381056924,0.042652047
-0.22850042,-0.23803007,-0.046957344,0.227681159,-0.091218735,0.266229254,-0.484021849,0.479059231,-0.057185064,0.702026,0.119274644,0.413000865,0.46741797,0.672361432,-0.713290068,0.039787331
-0.302867396,-0.281437157,-0.127477878,0.131738027,-0.400263374,-0.440385525,0.165348583,-0.151338273,0.885038088,0.30974594,-0.025625772,-0.141992907,-0.300401728,-0.249569436,-0.207109229,0.030851536
0.152185598,0.288281669,0.219990991,0.133270655,-0.031223896,0.063681283,0.441783139,0.071952387,-0.296259334,-0.65794138,-0.260942162,0.592572192,-0.699000544,-0.166765486,0.595938064,-0.007525745
-0.209572862,0.616532031,-0.064311323,-0.585068286,-0.004661832,0.547871208,1.09960672,0.08435914,-0.029737801,-1.68706753,1.317764365,1.584401872,-0.095192371,-0.039556382,0.616254315,-0.06469925
0.028943085,-1.19302012,0.421300518,0.674812455,-0.927199897,-1.481846297,0.784870241,-0.73760188,1.09562171,-0.676165038,-1.806170409,-0.439486069,-2.014720033,-0.838971478,-0.305106933,0.038792661
-0.144588133,0.084641212,-0.041102821,0.116879779,0.238263777,0.255705348,-0.202333752,0.549614882,-0.578968751,0.259835289,0.580166139,0.29649879,-0.444251721,0.831487493,-0.218392419,0.012518949
-0.10833999,-0.09211831,-0.01633099,0.274423811,-0.093794463,-0.112774346,-0.086226784,0.154643131,0.581816851,0.156401187,-0.297461731,0.035253232,-0.469655025,0.283479618,0.173387923,0.019570602
-0.346404861,-0.117996668,-0.104543783,0.351884943,0.30349938,0.239153103,-0.369833574,1.373712671,0.288645803,1.200656978,-0.032142962,-0.07421146,0.878755256,0.205348301,0.436532611,0.023947057
-0.178742676,0.519452505,-0.04420843,-0.254588347,0.374518851,0.080928774,0.685526694,0.215122949,0.261501802,-0.315201519,0.172917498,0.876203812,0.234610047,-0.738033461,0.164590909,-0.019987836
-0.190736755,-0.046246015,-0.008666053,0.142599148,-0.300389791,-0.007799365,-0.418741558,-0.126310361,0.457046068,0.546133492,-0.62241729,0.107324129,-0.4696439,0.341263348,-0.604873854,0.002842659
-0.213891613,-1.024352191,0.049799953,-0.283584614,0.284329102,-1.145100917,0.645591798,0.647786354,0.505859877,-0.476542256,-1.102389752,-1.180986222,-0.487041058,-2.135729596,-0.298721646,0.007043447
-0.191341152,-0.485255531,-0.090726559,0.456493012,-0.288981062,-0.00813379,-0.289077801,0.2636939,0.368564011,0.544120411,-0.070956356,0.34917866,-0.042395819,0.710794485,-0.162854402,0.049197761
-0.196444305,0.325521286,-0.027979614,0.051810541,0.038673177,0.027122963,0.302522991,0.492748381,-0.443783825,-0.351604077,0.492007951,0.653704328,0.18682747,0.228401378,-0.382542195,0.010999882
-0.645953792,0.200749933,-0.089197151,-0.054711174,-0.5503907,-1.071352465,0.735237005,-0.462329341,0.676712336,0.401791588,-0.890221472,-0.068831315,-0.860204626,0.103486624,-1.053302843,0.035355367
-0.208309168,-0.389730369,-0.180844671,0.152311334,-0.292497415,0.538781552,-0.294849768,-0.154512291,0.523561861,0.219596946,0.321861179,-0.39398422,0.109365342,-0.648379913,-0.009415939,0.017924162
-0.522162686,0.123690641,-0.328586888,0.131723037,0.096524865,0.345294771,0.144525855,0.878141689,-0.935158457,0.227983307,1.417491582,0.935693774,-0.445559126,0.393194673,-0.487123972,0.020550175
-0.452667895,-0.331846299,-0.298809151,-0.399582788,-0.165767205,0.363693286,-0.10542299,-0.30670279,1.146221415,0.672006349,0.335554311,-0.16101137,0.456385888,-1.258058583,-1.530697255,-0.015112953
-0.191446136,-0.340447604,-0.047218228,0.35266818,0.064016545,-0.318352539,-0.153111531,0.54688369,0.111823068,0.725865565,-0.82744541,0.572845411,-0.29542317,0.849434885,-0.29510553,0.048277758
0.13705763,0.506370534,0.218682782,-0.421848095,0.909026279,0.818784427,0.184816164,0.968211026,-1.055485611,-0.211241127,0.184071529,0.755378294,0.148784455,0.539039531,0.139223759,-0.031798262
-0.100886432,-0.623822295,0.152734266,-0.362510127,-0.150800296,0.725302575,-0.251647695,-0.560420642,1.274499639,1.06705565,0.311629602,-0.806763354,0.111442427,-1.104403509,-0.529060731,0.029315544
0.010445708,-0.887135404,0.492890661,0.484287799,-0.317450378,-0.194972305,0.314633561,0.02166778,-0.447595668,0.310260123,0.222787324,0.024467207,-0.806440567,-0.202700677,0.396016346,0.043629978
-0.265314929,-0.207768957,-0.155719948,0.286803094,-0.07598222,-0.169974671,0.049126196,0.487004446,-0.203805062,-0.082264784,0.416808927,0.720781934,0.070421106,-0.325652164,-0.522858204,0.02766328
-1.572960554,0.491578702,-1.033447896,-0.386936007,0.086395004,-0.172102905,0.275980301,1.272194225,1.214000213,1.447578464,0.683023504,0.171903882,1.853585585,-1.16444608,-1.454104364,0.023289515
0.213704471,0.827575816,0.943245859,-0.847256644,0.480252336,0.309930689,1.136165781,-0.090400585,-0.85110298,-0.120397796,-0.061150618,-0.32889664,-0.866954213,-0.375800291,0.450484859,-0.036231397
0.104144519,-0.871220303,0.117089781,0.663495892,-0.330792442,-0.000634103,-0.278787235,0.062839512,0.163516671,-0.193065547,-0.519783553,0.069952701,-0.743751189,0.09588769,0.442365856,0.042213382
-0.654399653,1.236670762,-0.660252905,-0.73756287,0.068707498,-0.215866142,0.055970915,0.091266381,1.036688278,-0.557250167,0.44952677,-0.536842444,-0.281991524,-0.339032095,-0.294430273,0.00690824
-0.184826925,0.090236978,0.065650872,0.180276894,-0.040170997,-0.195261981,0.681075469,0.145916676,0.35514028,-0.458072526,-0.471413294,0.477655257,0.08398707,-0.058720151,0.248642011,0.006181651
-0.101655011,0.314731964,-0.041677364,0.443964541,-0.494834922,-0.030815829,-0.264673392,-0.25281106,0.101108754,-0.043448694,-0.77709358,0.320751992,-0.453750934,0.599517513,-0.39175362,0.020812198
0.058422655,0.812773717,0.08928733,-0.006199038,0.039748362,0.008192348,-0.543916993,0.475661126,0.319217018,0.25847487,-0.892011521,-0.41276935,0.590669513,0.9884913,-0.271110556,0.018878979
-0.173633279,0.079457613,0.191619445,-0.419082672,0.744869261,0.519042876,0.397213014,1.152863326,-1.626952397,0.214756651,1.569510119,0.583352671,0.320131171,-0.018118438,-0.185488555,-0.01519472
-0.182991158,0.068613233,-0.161513598,0.356320417,-0.577527048,-0.228496126,-0.271590279,-0.415086184,0.37250602,0.240851635,-0.547511244,0.383164268,-0.33663469,0.74949391,-0.912873932,0.03696367
-0.592258595,0.26855516,-0.125512823,-0.616904882,0.089353361,-0.612050495,0.809764982,-0.022296031,-0.183850184,0.38563988,0.828058824,0.102872209,0.045318527,-0.66812496,-0.592252717,-0.015635458
0.087033039,-0.987973871,0.139899455,0.667048387,-0.648087479,-0.028313494,1.097879267,-0.483150233,0.858192943,-1.398769197,-0.040497538,0.749304471,0.010976764,-1.091955501,1.419792692,0.022936394
-0.719314638,0.71712923,-0.669288696,-0.047042604,-0.676442296,-0.844859413,0.11629245,-0.212716603,-0.168705082,0.249848373,-0.629707746,2.020076548,-1.008113963,1.527241194,-1.173130462,0.024237469
-0.424660567,-0.189861714,0.047959275,-0.908781361,0.460301288,-0.365154423,1.7549028,0.354159854,-1.871926839,0.476336456,0.419006564,0.734504691,0.039583853,0.485305036,-0.742267694,-0.004197309
-0.053215888,0.487704581,0.316400789,-0.36101463,0.205963904,0.306751447,0.998597543,0.478317722,-1.325231535,-0.320802948,0.343955043,0.475523092,-0.60258497,1.255068639,0.032705063,-0.031532822
-0.245940039,-0.109505168,-0.184754632,1.184711383,-1.132265895,0.327473772,-1.221141861,-0.593658333,-0.076703529,1.103943403,-0.475598498,-0.60011363,-0.86774304,0.787735784,-0.420758973,0.053438871
-0.326126319,0.478746165,-0.15756832,-0.608285525,0.12792251,-0.310186433,-0.056757838,0.133090125,-0.083533653,-0.510747993,1.323298497,-0.47181334,0.005739789,-0.152624461,-0.192065705,-0.017549146
0.302701771,-0.92152237,0.284121842,0.348199552,0.486317292,0.724827722,-0.796939046,0.466192388,-0.103167829,0.091135123,0.309153402,0.626321582,-0.467780693,-1.114130087,0.601446266,0.008484666
0.117134724,-0.103783417,0.369911682,-0.106366023,0.120422088,0.067786887,-0.36772131,0.10961848,-0.604846175,0.588082415,0.43658609,0.214991663,-0.337255362,0.62393038,-0.452868739,0.010436785
-0.514967646,0.911048701,-0.580234548,-0.26269676,0.754506444,0.444446966,0.319560779,0.684600949,1.909475708,0.448457105,0.812672349,0.171485739,0.731101933,-2.244063724,1.203589519,-0.021235662
-0.109850098,-0.547966567,0.070945474,0.192343051,-0.693655798,-0.950988053,0.181642114,-0.797435006,-0.053382055,-0.206137035,0.095403446,1.208856651,-1.499432385,-0.348652434,-0.168452765,0.019549693
0.661335057,1.041069224,0.574074959,-1.307432759,1.227711433,1.379083842,0.925406034,0.605925489,-0.764884912,0.176265786,0.658141901,1.034333333,0.793023708,-1.016130227,1.206084675,-0.064624717
-0.43290786,-0.158677806,0.111395277,0.072697406,-0.538752319,-1.347670434,0.891748506,-0.825585404,1.594963228,-0.178328958,-1.057629271,-0.489083122,-1.172330721,-1.349616957,-0.571996345,-0.026798719
-0.232312497,-0.687535011,-0.256251063,0.756060355,-0.953101585,-0.191872425,-0.563897863,-0.407222926,0.0184638,0.894278566,-0.602230987,0.659783878,-0.711953499,1.717414587,-0.671189883,0.079719343
-0.535165937,0.46365059,-0.323759574,-0.093180401,-0.240585588,-0.343049149,0.527408145,0.213169807,-0.456348364,-0.208868762,0.466394794,0.889574734,-0.824865538,0.006403944,-0.596244748,0.000504836
-0.054057356,0.083230498,-0.513137213,-0.329345915,0.071497036,-0.043419609,0.06156683,0.327133243,0.133134338,-0.306091655,0.017828743,0.568134318,-0.508333444,0.016125575,-0.081216069,-0.017685672
0.321481286,-0.036054612,0.77035115,0.036561655,0.241582863,-0.101968651,0.96445318,-0.522065318,0.409332338,-0.860489479,-1.513590604,-1.026950327,-0.343290904,-0.657277961,1.085632883,-0.052067641
0.285080776,-0.043328616,0.344857267,0.522715922,0.182791813,0.258790364,-0.17164988,0.469927536,-0.476944994,-0.479579673,-0.66251674,0.15008221,-0.013741343,0.682342748,1.020806901,-0.0041369
-0.587527219,0.497465653,-0.430323661,0.092021457,-0.615909247,-0.09106757,-0.599739105,-0.147856416,0.065462127,0.98568736,-0.568391974,-0.74104532,-1.039153606,1.403556422,-0.741016679,0.063904985
0.045475825,-0.23366272,0.186759441,0.028986851,0.511640059,0.622551204,-0.448628398,0.797527617,-0.24322813,0.509014931,-0.013986759,0.133710257,-0.323736041,0.274214505,0.433001315,0.002695733
-0.346413985,0.035339202,-0.188029319,0.284065941,-0.250396593,0.193175266,-0.051098355,0.178495865,-0.010231063,-0.071120122,0.471215827,0.403498264,-0.110898974,0.152541147,-0.742188154,0.015213183
-0.193150835,0.51259791,-0.240741707,-0.2271051,0.10012994,-0.181865835,0.511814841,0.276802183,0.796866752,-0.15500864,-0.689822679,0.150896378,0.601503979,0.240488484,0.656116048,0.000905663
-0.230390852,-0.235446529,-0.063661184,0.58326277,-0.631756277,-0.451655651,0.041505946,-0.052042755,0.08576366,-0.050173516,-0.612351873,0.501554776,-1.103009815,0.694744585,-0.316993173,0.034990439
-0.278284892,0.388522685,0.047683742,-0.306762481,0.335967265,0.132172914,0.140259509,0.453581616,-0.142796083,0.156238776,0.37553392,-0.059971163,-0.168472764,0.165232032,-0.179905675,-0.001219919
-0.52869323,1.31465102,-0.567171623,-0.547892366,-0.052001902,0.521998002,0.382476566,0.546750879,1.013215895,-0.653781047,-0.458652916,-0.645795208,0.686866808,0.465085003,-0.035254861,-0.001235245
-0.274508364,0.055707626,0.155168559,-0.180354693,0.418299308,-0.577454848,1.029564393,0.477224462,-0.593470286,-0.275156993,0.464630362,0.605954011,-0.7659544,-0.75591324,0.394620834,-0.019616782
-0.458894614,-0.606877474,-0.210225389,0.579923754,-0.769760094,-0.252708457,-0.274061627,-0.261148591,0.447268032,0.307157437,0.250239154,0.314445022,0.059591782,0.355071658,-0.468745245,0.033603473
-1.14663677,0.684342335,-0.726216705,-0.095086619,0.577541466,0.291164911,0.068841841,1.83536005,-0.248296496,2.199299969,1.231915434,0.625144213,0.607677184,-0.829980391,0.01639639,0.018037103
0.206096028,0.061853275,0.229388798,0.308916792,-0.100629193,0.165556215,-0.421844008,0.12221931,0.415308746,0.124951602,-0.883521658,-0.319282888,-0.228131535,0.622737588,0.096798084,0.017726298
0.262074159,-0.189642656,0.283524839,0.457019657,0.049795697,0.204874361,0.132596268,0.389777761,-0.754585803,-0.382444413,0.432891365,0.428804881,-0.166252422,0.700658847,0.663051148,0.036523098
-0.508187023,0.261233411,-0.399795258,0.468126005,0.07648686,0.428301118,-0.297590437,0.518369641,1.998083595,-0.637197058,0.82453497,-0.377414844,-0.340623431,-1.852397935,0.667926756,-0.000389306
0.218355338,-0.213702731,0.401581914,0.209564934,-0.171633139,0.346226216,-0.320494294,-0.217493953,-0.091105181,0.070646488,-0.077788682,-0.175100541,-1.533726811,0.069700307,0.316075659,0.009050141
0.217658872,-0.76018967,0.354538697,0.603900968,-0.062990955,0.239119425,-0.09299685,0.233019887,0.029971227,-0.175730123,-0.106578398,-0.017919071,0.186643515,-0.385598778,0.827562471,0.011509718
-0.204485603,-0.476094678,-0.186054428,0.250512263,-0.182067833,-0.067815062,-0.092948477,0.220913261,1.179308074,-1.187566868,0.897227914,-0.865087462,-0.729178582,-1.573741802,0.396322831,0.004802283
0.205029708,-0.140131533,0.105100591,0.349971322,-0.068600042,0.298138163,-0.838990795,0.196585112,0.412544895,0.260379735,-0.758130023,-0.01680765,-0.572220532,0.362907721,0.220080633,0.019163962
0.029749989,0.218122261,-0.000223099,0.183689645,0.005947185,0.376083696,0.326652361,0.217208216,0.286798332,-0.550146899,-0.270956995,0.089518641,0.069626059,0.187695178,0.597617233,0.000546343
-0.771450242,0.497862705,-0.066813192,0.617419406,-0.532698452,-0.357808679,-0.44093754,0.211550167,1.193513407,1.076063523,-1.094735408,-1.594439092,0.061087753,-0.465085713,0.213066607,0.019118957
-0.26225842,-0.262442543,-0.130890178,-0.079077994,-0.154034537,0.254745554,0.048987495,0.219494341,0.089686173,0.029843894,0.785623798,0.769780382,0.350648218,-0.687451013,-0.776597226,0.021945599
-0.159934197,-0.0543636,-0.105163649,0.038282971,-0.077340052,-0.11820338,-0.162191094,0.097763613,0.647714358,0.504408152,-0.368272036,0.309654254,0.436899839,-0.09167597,0.099789772,0.027695515
0.120260447,-0.337056172,0.096724378,-0.797307573,0.521759175,1.319616506,0.565527697,0.884807074,-0.663930394,-0.40372621,1.357265824,-0.702853407,-0.394528854,1.719803184,-0.338809702,0.009783604
-0.000824784,-0.703047059,0.145639772,-0.315531771,0.405938711,0.073005144,0.423454061,0.396481811,0.388528592,0.561740852,0.494013875,0.204539718,0.459962338,-0.663004352,0.37564421,0.054657418
0.359366782,0.103240729,0.554068975,-0.583955761,0.992847746,0.918417959,0.900826573,0.826284346,-0.860003537,-0.304022029,0.230640045,0.389909788,0.146567901,-0.803662979,0.476702202,-0.039726116
-0.155273167,1.250553452,0.043596544,-0.546814675,0.294183025,0.939346772,0.515327175,-0.158533583,0.819569789,-1.542650817,0.609067568,-2.069190939,-0.963962216,-0.240622988,0.308039135,-0.027252513
0.461760061,-0.238571049,0.589503285,-0.033342653,0.234917288,0.806196908,-0.392456891,-0.312881284,-0.378632278,0.126820298,-0.037434575,0.58955193,-0.370809989,-0.382831055,-0.514535446,0.002715112
0.142903202,-0.548075532,0.45107766,-0.14829223,0.331424365,0.29918675,0.256724075,0.122421267,-0.531840986,0.165505697,0.491858504,0.580332465,-0.130573997,-0.398727,-0.004863622,0.021378202
0.248424237,-1.291791799,0.174082034,-0.124220095,-0.367752184,0.455016334,0.20927072,-0.699489,1.190667831,-0.331802683,0.77043274,-0.274717852,0.850208027,-1.08719938,-1.612717707,0.004830714
-0.344777679,-0.032695037,-0.244718546,0.044031075,-0.5948291,-0.594236627,-0.097854752,-0.494047961,0.573751753,0.462888692,-0.600838201,0.417452928,-0.565543049,-0.029093123,-0.895219415,0.03538798
0.142899192,-0.443300191,0.247349204,0.006977328,0.130674695,-0.059556227,-0.226816564,0.182284345,0.116943974,0.429230726,0.092026765,0.427067706,0.763230338,-0.401237259,-0.196531988,0.029814322
-0.113920151,-0.917444552,-0.041366435,-0.280466548,-0.295289693,0.261772571,0.613537231,-0.414605099,1.079749372,-0.618781737,0.65116397,-0.418916125,-0.400092971,-0.785967678,-1.031056192,0.004285107
1.283349596,1.050041432,0.236255716,-1.356538304,1.256457245,0.131539038,1.977115458,0.99462452,-1.533898007,0.900185801,-1.027430673,1.068640764,-0.827611625,-3.47505211,0.499224556,-0.071929349
-0.212085944,-0.178085807,-0.070596313,0.360521057,-0.716958161,-0.815615267,0.087892538,-0.431139377,0.581430264,-0.029696016,-0.658262942,0.087780897,-0.755312569,-0.213413002,-0.058509677,0.017701777
-2.564310899,2.600798822,1.192452332,-1.765327053,1.860360913,2.097113058,1.950532046,-0.268317201,1.441830785,-2.195778543,0.402821919,-3.106861098,-2.210922954,-1.009013467,0.977891932,-0.096265287
0.395332399,-1.126044138,0.310603813,0.932117733,-0.771443246,-0.080919998,-1.21874635,-1.715606017,-0.717091976,2.664851506,-1.061229996,-0.067696493,-1.8597733,1.287146432,0.924784083,0.075742155
-0.39928991,0.300710646,-0.365038306,-0.013656903,-0.314294595,-0.081265274,-0.619885553,0.049435501,0.216717266,0.881652285,-0.275422248,0.426060071,-0.409757451,0.861729025,-0.921246109,0.029295593
-0.546397893,0.646419699,-0.711396592,0.027031911,-0.598512627,-0.848642983,0.58231253,0.366794988,1.590231251,-1.418353091,0.148182734,0.811283003,-0.41846113,-1.06307719,1.061146237,0.017765542
-0.528659499,0.079443583,-0.402663527,0.213521528,-0.401758265,-0.450461956,-0.280691162,0.085670359,0.494874085,0.813021759,-0.302575163,0.427605201,-0.682286509,0.507656322,0.135978814,0.038560336
0.213433777,-0.028151924,0.161557491,-0.34812008,0.277771587,0.498722899,0.653277142,0.784438242,-0.712787261,-0.966583866,0.269658589,1.150000387,0.809656769,0.385220003,0.649746303,-0.068040889
0.322632768,-1.187992865,0.434588924,0.551209083,-0.506029631,-0.629810438,0.418253856,-0.060066615,0.715681969,-0.371730898,-0.855246588,-0.283101531,-1.176361574,0.64149288,-0.567526467,0.06665832
-0.147688158,0.619049653,0.139462319,-0.002750738,0.146143967,0.029005633,-0.037913708,0.393865548,-0.569088863,0.323092824,0.148137873,0.415633291,-0.080450721,1.177398942,-0.088282202,0.013042768
0.248477423,0.237436427,0.761566748,-0.395221161,0.751972881,0.207148866,0.941450796,0.324890664,-0.188759484,0.000365792,0.101379727,-0.316081686,-0.282703742,-0.994932845,1.036164997,-0.018257308
-0.785720013,1.199389865,-0.442861093,-0.471880996,-0.537657431,-0.247189799,0.523140452,0.114789467,0.298055931,0.060850747,-1.012123623,-0.279280765,0.168403908,1.191881795,-1.370980544,0.017035241
-0.030262176,-0.321964567,0.222433638,0.710574318,-0.153135428,0.080613536,-0.35068734,0.277333875,0.333986232,0.227379509,-0.248890257,-0.037432169,-0.31867691,0.326073581,0.318368391,0.02022582
-0.515509516,-0.241069212,-0.169782779,0.198047747,-0.348058259,-0.427951725,-0.083924179,0.274214116,-0.143491865,0.72858627,0.261851816,0.569314857,-0.636331317,0.706037961,-0.171513937,0.033480292
-0.744030815,0.38900525,-0.886533743,0.62152987,1.062664886,0.203465782,0.313352002,0.720492127,2.088717128,1.622185863,1.488694093,-0.381641271,1.014380637,-2.259369243,1.227425831,0.028188741
0.189666234,0.256122987,0.501914603,-0.919639243,0.797502349,0.91223196,0.267625875,0.253999913,-1.06158471,0.20302851,0.901751651,1.875576854,0.345784501,0.304066505,0.220029486,-0.001629417
1.082620957,1.070506027,-0.242589329,-0.932764933,0.458401484,0.214210342,3.021244655,1.339801305,-2.604954384,-0.848745277,-1.685091655,2.701196295,0.249878623,-0.926747188,1.354902309,-0.087859521
8.129255997,0.070425355,-3.911856196,-8.645353714,-4.071614678,-1.015318145,-0.038903506,-4.945373322,2.712399411,-0.822305798,3.418230882,0.581534766,1.593748946,1.606090577,-2.033949082,-0.133667769
-5.350202756,-0.344887003,-6.100476893,1.479947135,-6.190970833,5.304652,-3.052242058,-9.245503163,-6.205809376,2.01371894,-0.214246937,0.888923253,1.284316991,-3.379934323,3.750709922,0.119420896
-1.077510687,-1.564006824,-0.600361792,0.863384811,-1.038930234,-0.252951491,0.389600929,-0.069112591,-1.862390885,2.318538059,1.6747462,-0.869646561,0.742771561,-0.164320591,2.832132006,0.04428649
-0.995962825,-4.350941568,-7.646561177,-4.673392086,9.569954588,-2.706221118,-5.47345736,0.172259484,-2.489443918,-1.097413454,-2.743595027,-3.497897957,0.199358242,2.648157225,3.647930228,0.018221381
-2.063335224,-2.69569711,-1.715801724,2.309027196,-2.762081549,-3.263612111,2.417665617,2.316253533,-0.03981214,-4.275737585,0.531060994,-2.919882858,3.95677536,1.369058788,-0.064511442,0.053636778
-2.249917699,-1.273484655,-1.7089801,1.822571044,-2.904965075,-3.929117762,2.305768934,2.298225541,-0.041021797,-4.083256514,0.636834772,-3.227863466,4.741227908,1.745624082,-1.297279043,0.067719102
-2.516948766,0.555954758,-2.563725656,-1.801304887,1.689821809,-1.812887039,-2.715549343,-0.441156141,0.947228411,-4.895626805,-0.426522586,-2.533346242,0.290606592,-2.604341269,-3.461615616,-0.040018103
0.122332145,-0.710398022,-0.018043819,0.340679627,0.741753346,-1.112225796,1.720202772,1.322398695,-1.110111529,-1.399147568,-2.446225088,2.141418044,1.004952,1.787545855,1.186109191,-0.02805568
